Date,Business Name,Category,Phone,Instagram,Location,Has Website,Status,Pitched On,Last Contact,Quoted Price,Notes
2026-05-24,EXAMPLE - Rohit Photography,Photographer,+919876543210,@rohitclicks_tezpur,Tezpur Main Road,No,New,,,, "4.5 stars on Maps, 200+ posts on Insta, no website"
,,,,,,,,,,,
,,,,,,,,,,,
,,,,,,,,,,,
,,,,,,,,,,,
,,,,,,,,,,,
,,,,,,,,,,,
,,,,,,,,,,,
,,,,,,,,,,,
,,,,,,,,,,,
,,,,,,,,,,,
,,,,,,,,,,,
,,,,,,,,,,,
,,,,,,,,,,,
,,,,,,,,,,,
,,,,,,,,,,,
,,,,,,,,,,,
,,,,,,,,,,,
,,,,,,,,,,,
,,,,,,,,,,,
,,,,,,,,,,,
